frame,t_ms,frame_ms,process_ms,physics_ms,live_swarm
0,0.85,6.896,9.015,0.452,8734
1,7.41,6.896,9.015,0.452,8700
2,14.57,6.896,9.015,0.452,8661
3,21.31,6.896,9.015,0.452,8655
4,28.43,6.896,9.015,0.452,8682
5,34.93,6.896,9.015,0.452,8710
6,42.35,6.896,9.015,0.452,8699
7,49.05,6.896,9.015,0.452,8658
8,55.77,6.896,9.015,0.452,8626
9,62.94,6.896,9.015,0.452,8593
10,69.43,6.896,9.015,0.452,8549
11,76.69,6.896,9.015,0.452,8559
12,83.23,6.896,9.015,0.452,8587
13,90.26,6.896,9.015,0.452,8615
14,97.31,6.896,9.015,0.452,8586
15,104.12,6.896,9.015,0.452,8535
16,111.07,6.896,9.015,0.452,8490
17,117.76,6.896,9.015,0.452,8441
18,124.67,6.896,9.015,0.452,8404
19,132.04,6.896,9.015,0.452,8413
20,138.50,6.896,9.015,0.452,8441
21,146.23,6.896,9.015,0.452,8468
22,152.35,6.896,9.015,0.452,8435
23,159.24,6.896,9.015,0.452,8403
24,166.42,6.896,9.015,0.452,8360
25,173.09,6.896,9.015,0.452,8310
26,180.12,6.896,9.015,0.452,8261
27,186.78,6.896,9.015,0.452,8289
28,194.17,6.896,9.015,0.452,8316
29,200.59,6.896,9.015,0.452,8342
30,207.57,6.896,9.015,0.452,8292
31,214.80,6.896,9.015,0.452,8241
32,221.37,6.896,9.015,0.452,8196
33,228.53,6.896,9.015,0.452,8159
34,235.24,6.896,9.015,0.452,8133
35,242.10,6.896,9.015,0.452,8161
36,249.49,6.896,9.015,0.452,8188
37,255.85,6.896,9.015,0.452,8197
38,263.16,6.896,9.015,0.452,8147
39,269.61,6.896,9.015,0.452,8106
40,276.76,6.896,9.015,0.452,8055
41,283.43,6.896,9.015,0.452,8017
42,290.25,6.896,9.015,0.452,8000
43,297.61,6.896,9.015,0.452,8027
44,304.05,6.896,9.015,0.452,8055
45,311.36,6.896,9.015,0.452,8055
46,317.90,6.896,9.015,0.452,8017
47,324.82,6.896,9.015,0.452,7986
48,332.17,6.896,9.015,0.452,7948
49,338.64,6.896,9.015,0.452,7909
50,345.79,6.896,9.015,0.452,7898
51,352.77,6.896,9.015,0.452,7926
52,359.30,6.896,9.015,0.452,7953
53,366.40,6.896,9.015,0.452,7944
54,373.17,6.896,9.015,0.452,7895
55,380.43,6.896,9.015,0.452,7853
56,386.88,6.896,9.015,0.452,7807
57,394.05,6.896,9.015,0.452,7751
58,400.67,6.896,9.015,0.452,7759
59,407.52,6.896,9.015,0.452,7787
60,414.73,6.896,9.015,0.452,7814
61,421.43,6.896,9.015,0.452,7784
62,428.64,6.896,9.015,0.452,7740
63,435.30,6.896,9.015,0.452,7706
64,442.14,6.896,9.015,0.452,7651
65,449.33,6.896,9.015,0.452,7609
66,456.44,6.896,9.015,0.452,7635
67,463.01,6.896,9.015,0.452,7662
68,469.77,6.896,9.015,0.452,7690
69,477.05,6.896,9.015,0.452,7653
70,483.65,6.896,9.015,0.452,7609
71,490.42,6.896,9.015,0.452,7587
72,497.50,6.896,9.015,0.452,7546
73,504.29,6.896,9.015,0.452,7502
74,511.28,6.896,9.015,0.452,7529
75,518.05,6.896,9.015,0.452,7557
76,525.02,6.896,9.015,0.452,7578
77,532.21,6.896,9.015,0.452,7537
78,538.72,6.896,9.015,0.452,7505
79,545.83,6.896,9.015,0.452,7460
80,552.48,6.896,9.015,0.452,7407
81,560.11,6.896,9.015,0.452,7393
82,567.39,6.896,9.015,0.452,7421
83,573.15,6.896,9.015,0.452,7449
84,580.43,6.896,9.015,0.452,7446
85,587.07,6.896,9.015,0.452,7413
86,594.14,6.896,9.015,0.452,7374
87,600.79,6.896,9.015,0.452,7336
88,607.78,6.896,9.015,0.452,7278
89,614.84,6.896,9.015,0.452,7261
90,621.47,6.896,9.015,0.452,7289
91,628.71,6.896,9.015,0.452,7316
92,635.29,6.896,9.015,0.452,7302
93,642.25,6.896,9.015,0.452,7266
94,649.47,6.896,9.015,0.452,7234
95,656.02,6.896,9.015,0.452,7188
96,663.59,6.896,9.015,0.452,7154
97,669.72,6.896,9.015,0.452,7161
98,677.09,6.896,9.015,0.452,7188
99,683.65,6.896,9.015,0.452,7216
100,690.59,6.896,9.015,0.452,7184
101,697.52,6.896,9.015,0.452,7139
102,704.43,6.896,9.015,0.452,7100
103,711.41,6.896,9.015,0.452,7040
104,718.24,6.896,9.015,0.452,7003
105,725.03,6.896,9.015,0.452,7025
106,732.40,6.896,9.015,0.452,7053
107,738.75,6.896,9.015,0.452,7081
108,746.25,6.896,9.015,0.452,7052
109,752.78,6.896,9.015,0.452,7014
110,759.52,6.896,5.142,0.614,6963
111,767.28,6.896,5.142,0.614,6920
112,773.33,6.896,5.142,0.614,6886
113,780.82,6.896,5.142,0.614,6914
114,787.07,6.896,5.142,0.614,6942
115,794.12,6.896,5.142,0.614,6962
116,800.88,6.896,5.142,0.614,6926
117,807.72,6.896,5.142,0.614,6881
118,814.89,6.896,5.142,0.614,6827
119,821.60,6.896,5.142,0.614,6788
120,828.81,6.896,5.142,0.614,6767
121,835.40,6.896,5.142,0.614,6795
122,842.40,6.896,5.142,0.614,6822
123,849.39,6.896,5.142,0.614,6829
124,856.19,6.896,5.142,0.614,6788
125,863.39,6.896,5.142,0.614,6755
126,870.40,6.896,5.142,0.614,6712
127,877.04,6.896,5.142,0.614,6685
128,883.74,6.896,5.142,0.614,6670
129,890.61,6.896,5.142,0.614,6697
130,897.66,6.896,5.142,0.614,6725
131,904.39,6.896,5.142,0.614,6722
132,911.89,6.896,5.142,0.614,6697
133,918.26,6.896,5.142,0.614,6643
134,925.12,6.896,5.142,0.614,6598
135,932.28,6.896,5.142,0.614,6565
136,938.80,6.896,5.142,0.614,6561
137,946.01,6.896,5.142,0.614,6589
138,952.56,6.896,5.142,0.614,6617
139,959.59,6.896,5.142,0.614,6596
140,966.73,6.896,5.142,0.614,6546
141,973.89,6.896,5.142,0.614,6509
142,980.67,6.896,5.142,0.614,6480
143,987.24,6.896,5.142,0.614,6442
144,994.45,6.896,5.142,0.614,6453
145,1001.04,6.896,5.142,0.614,6481
146,1007.85,6.896,5.142,0.614,6508
147,1015.10,6.896,5.142,0.614,6469
148,1021.67,6.896,5.142,0.614,6428
149,1028.76,6.896,5.142,0.614,6416
150,1035.54,6.896,5.142,0.614,6400
151,1042.48,6.896,5.142,0.614,6369
152,1049.56,6.896,5.142,0.614,6397
153,1056.18,6.896,5.142,0.614,6424
154,1063.33,6.896,5.142,0.614,6451
155,1070.10,6.896,5.142,0.614,6475
156,1077.62,6.896,5.142,0.614,6502
157,1083.90,6.896,5.142,0.614,6530
158,1090.69,6.896,5.142,0.614,6557
159,1097.79,6.896,5.142,0.614,6585
160,1104.51,6.896,5.142,0.614,6613
161,1111.64,6.896,5.142,0.614,6640
162,1118.30,6.896,5.142,0.614,6668
163,1125.28,6.896,5.142,0.614,6695
164,1132.55,6.896,5.142,0.614,6723
165,1138.91,6.896,5.142,0.614,6750
166,1146.02,6.896,5.142,0.614,6778
167,1152.85,6.896,5.142,0.614,6806
168,1159.57,6.896,5.142,0.614,6833
169,1166.91,6.896,5.142,0.614,6861
170,1173.52,6.896,5.142,0.614,6888
171,1181.51,6.896,5.142,0.614,6916
172,1187.41,6.896,5.142,0.614,6944
173,1194.34,6.896,5.142,0.614,6971
174,1201.14,6.896,5.142,0.614,6999
175,1208.09,6.896,5.142,0.614,7026
176,1215.34,6.896,5.142,0.614,7054
177,1221.71,6.896,5.142,0.614,7081
178,1229.11,6.896,5.142,0.614,7109
179,1235.54,6.896,5.142,0.614,7137
180,1242.55,6.896,5.142,0.614,7164
181,1249.70,6.896,5.142,0.614,7192
182,1256.31,6.896,5.142,0.614,7219
183,1263.52,6.896,5.142,0.614,7247
184,1270.09,6.896,5.142,0.614,7275
185,1277.21,6.896,5.142,0.614,7302
186,1284.41,6.896,5.142,0.614,7330
187,1290.83,6.896,5.142,0.614,7357
188,1298.06,6.896,5.142,0.614,7385
189,1304.58,6.896,5.142,0.614,7412
190,1311.87,6.896,5.142,0.614,7440
191,1318.38,6.896,5.142,0.614,7468
192,1325.31,6.896,5.142,0.614,7495
193,1332.70,6.896,5.142,0.614,7523
194,1339.14,6.896,5.142,0.614,7550
195,1346.44,6.896,5.142,0.614,7578
196,1352.79,6.896,5.142,0.614,7606
197,1359.84,6.896,5.142,0.614,7633
198,1367.08,6.896,5.142,0.614,7661
199,1373.58,6.896,5.142,0.614,7688
200,1380.88,6.896,5.142,0.614,7716
201,1387.88,6.896,5.142,0.614,7743
202,1394.65,6.896,5.142,0.614,7771
203,1401.19,6.896,5.142,0.614,7799
204,1408.18,6.896,5.142,0.614,7826
205,1415.20,6.896,5.142,0.614,7854
206,1421.86,6.896,5.142,0.614,7881
207,1429.07,6.896,5.142,0.614,7909
208,1435.76,6.896,5.142,0.614,7937
209,1442.68,6.896,5.142,0.614,7964
210,1450.00,6.896,5.142,0.614,7992
211,1456.42,6.896,5.142,0.614,8019
212,1463.48,6.896,5.142,0.614,8047
213,1470.18,6.896,5.142,0.614,8074
214,1477.34,6.896,5.142,0.614,8102
215,1483.93,6.896,5.142,0.614,8130
216,1491.26,6.896,5.142,0.614,8157
217,1498.04,6.896,5.142,0.614,8185
218,1504.65,6.896,5.142,0.614,8212
219,1511.89,6.896,5.142,0.614,8240
220,1518.49,6.896,5.142,0.614,8268
221,1525.42,6.896,5.142,0.614,8295
222,1532.47,6.896,5.142,0.614,8323
223,1539.20,6.896,5.142,0.614,8350
224,1546.35,6.896,5.142,0.614,8378
225,1552.90,6.896,5.142,0.614,8405
226,1559.92,6.896,5.142,0.614,8433
227,1567.16,6.896,5.142,0.614,8461
228,1573.72,6.896,5.142,0.614,8488
229,1580.91,6.896,5.142,0.614,8516
230,1587.42,6.896,5.142,0.614,8543
231,1594.86,6.896,5.142,0.614,8571
232,1601.24,6.896,5.142,0.614,8599
233,1608.32,6.896,5.142,0.614,8626
234,1615.47,6.896,5.142,0.614,8654
235,1621.94,6.896,5.142,0.614,8681
236,1629.24,6.896,5.142,0.614,8709
237,1635.85,6.896,5.142,0.614,8736
238,1642.69,6.896,5.142,0.614,8764
239,1649.91,6.896,5.142,0.614,8792
240,1656.35,6.896,5.142,0.614,8819
241,1663.54,6.896,5.142,0.614,8847
242,1670.43,6.896,5.142,0.614,8874
243,1677.67,6.896,5.142,0.614,8902
244,1684.15,6.896,5.142,0.614,8930
245,1691.00,6.896,5.142,0.614,8957
246,1698.66,6.896,5.142,0.614,8985
247,1704.80,6.896,5.142,0.614,9012
248,1712.02,6.896,5.142,0.614,9040
249,1718.57,6.896,5.142,0.614,9067
250,1725.37,6.896,5.142,0.614,9095
251,1732.76,6.896,5.142,0.614,9123
252,1739.35,6.896,5.142,0.614,9150
253,1746.38,6.896,5.142,0.614,9178
254,1753.06,6.896,5.142,0.614,9205
255,1760.06,6.896,5.949,0.449,9233
256,1766.96,6.896,5.949,0.449,9261
257,1773.76,6.896,5.949,0.449,9288
258,1780.93,6.896,5.949,0.449,9316
259,1787.69,6.896,5.949,0.449,9343
260,1794.81,6.896,5.949,0.449,9371
261,1802.03,6.896,5.949,0.449,9398
262,1808.30,6.896,5.949,0.449,9426
263,1815.50,6.896,5.949,0.449,9454
264,1822.14,6.896,5.949,0.449,9481
265,1829.14,6.896,5.949,0.449,9509
266,1835.96,6.896,5.949,0.449,9536
267,1842.80,6.896,5.949,0.449,9564
268,1850.08,6.896,5.949,0.449,9592
269,1856.55,6.896,5.949,0.449,9619
270,1863.78,6.896,5.949,0.449,9647
271,1870.41,6.896,5.949,0.449,9674
272,1877.56,6.896,5.949,0.449,9701
273,1884.19,6.896,5.949,0.449,9728
274,1891.26,6.896,5.949,0.449,9756
275,1898.21,6.896,5.949,0.449,9784
276,1905.31,6.896,5.949,0.449,9811
277,1912.13,6.896,5.949,0.449,9839
278,1918.64,6.896,5.949,0.449,9866
279,1925.52,6.896,5.949,0.449,9894
280,1932.69,6.896,5.949,0.449,9919
281,1939.34,6.896,5.949,0.449,9945
282,1946.61,6.896,5.949,0.449,9970
283,1953.19,6.896,5.949,0.449,9993
284,1960.20,6.896,5.949,0.449,9996
285,1967.04,6.896,5.949,0.449,10000
286,1973.76,6.896,5.949,0.449,10000
287,1981.09,6.896,5.949,0.449,10000
288,1987.69,6.896,5.949,0.449,9999
289,1994.86,6.896,5.949,0.449,9996
290,2001.44,6.896,5.949,0.449,9996
291,2008.67,6.896,5.949,0.449,9993
292,2015.51,6.896,5.949,0.449,9994
293,2022.11,6.896,5.949,0.449,10000
294,2029.16,6.896,5.949,0.449,10000
295,2036.07,6.896,5.949,0.449,9999
296,2042.87,6.896,5.949,0.449,9998
297,2050.11,6.896,5.949,0.449,9998
298,2056.60,6.896,5.949,0.449,9993
299,2063.99,6.896,5.949,0.449,9992
300,2070.53,6.896,5.949,0.449,9997
301,2077.59,6.896,5.949,0.449,10000
302,2084.28,6.896,5.949,0.449,10000
303,2091.25,6.896,5.949,0.449,9996
304,2098.30,6.896,5.949,0.449,9996
305,2105.00,6.896,5.949,0.449,9992
306,2112.75,6.896,5.949,0.449,9989
307,2118.67,6.896,5.949,0.449,9989
308,2125.72,6.896,5.949,0.449,9999
309,2132.90,6.896,5.949,0.449,10000
310,2139.45,6.896,5.949,0.449,10000
311,2149.50,6.896,5.949,0.449,9997
312,2153.19,6.896,5.949,0.449,9995
313,2160.16,6.896,5.949,0.449,9990
314,2167.29,6.896,5.949,0.449,9989
315,2173.95,6.896,5.949,0.449,9993
316,2181.13,6.896,5.949,0.449,10000
317,2187.64,6.896,5.949,0.449,10000
318,2195.04,6.896,5.949,0.449,10000
319,2201.50,6.896,5.949,0.449,9997
320,2208.53,6.896,5.949,0.449,9995
321,2216.23,6.896,5.949,0.449,9993
322,2222.20,6.896,5.949,0.449,9989
323,2229.48,6.896,5.949,0.449,9982
324,2236.14,6.896,5.949,0.449,10000
325,2242.92,6.896,5.949,0.449,10000
326,2250.11,6.896,5.949,0.449,9997
327,2256.82,6.896,5.949,0.449,9987
328,2263.90,6.896,5.949,0.449,9993
329,2270.72,6.896,5.949,0.449,9992
330,2277.66,6.896,5.949,0.449,9987
331,2284.35,6.896,5.949,0.449,9988
332,2291.33,6.896,5.949,0.449,10000
333,2298.48,6.896,5.949,0.449,10000
334,2305.06,6.896,5.949,0.449,9997
335,2312.39,6.896,5.949,0.449,9990
336,2319.17,6.896,5.949,0.449,9993
337,2325.59,6.896,5.949,0.449,9991
338,2332.90,6.896,5.949,0.449,9981
339,2339.57,6.896,5.949,0.449,9988
340,2346.92,6.896,5.949,0.449,10000
341,2353.32,6.896,5.949,0.449,10000
342,2360.32,6.896,5.949,0.449,9996
343,2367.52,6.896,5.949,0.449,9992
344,2374.05,6.896,5.949,0.449,9985
345,2381.44,6.896,5.949,0.449,9986
346,2387.99,6.896,5.949,0.449,9982
347,2395.14,6.896,5.949,0.449,9995
348,2401.75,6.896,5.949,0.449,10000
349,2408.59,6.896,5.949,0.449,10000
350,2415.73,6.896,5.949,0.449,9992
351,2422.67,6.896,5.949,0.449,9987
352,2429.54,6.896,5.949,0.449,9990
353,2436.26,6.896,5.949,0.449,9984
354,2443.15,6.896,5.949,0.449,9978
355,2450.25,6.896,5.949,0.449,9997
356,2456.83,6.896,5.949,0.449,10000
357,2464.04,6.896,5.949,0.449,10000
358,2470.92,6.896,5.949,0.449,9994
359,2478.21,6.896,5.949,0.449,9995
360,2484.39,6.896,5.949,0.449,9985
361,2491.35,6.896,5.949,0.449,9983
362,2498.53,6.896,5.949,0.449,9979
363,2505.20,6.896,5.949,0.449,10000
364,2512.28,6.896,5.949,0.449,10000
365,2519.03,6.896,5.949,0.449,9997
366,2526.34,6.896,5.949,0.449,9991
367,2532.85,6.896,5.949,0.449,9988
368,2539.79,6.896,5.949,0.449,9980
369,2546.86,6.896,5.949,0.449,9973
370,2553.58,6.896,5.949,0.449,9973
371,2560.52,6.896,5.949,0.449,10000
372,2567.51,6.896,5.949,0.449,10000
373,2574.17,6.896,5.949,0.449,10000
374,2581.40,6.896,5.949,0.449,9982
375,2588.09,6.896,5.949,0.449,9980
376,2595.16,6.896,5.949,0.449,9982
377,2601.75,6.896,5.949,0.449,9966
378,2608.65,6.896,5.949,0.449,9982
379,2616.28,6.896,5.949,0.449,10000
380,2622.42,6.896,5.949,0.449,10000
381,2630.03,6.896,5.949,0.449,9993
382,2636.27,6.896,5.949,0.449,9984
383,2643.10,6.896,5.949,0.449,9982
384,2650.24,6.896,5.949,0.449,9971
385,2657.07,6.896,5.949,0.449,9959
386,2664.08,6.896,5.949,0.449,9978
387,2670.76,6.896,5.949,0.449,10000
388,2677.78,6.896,5.949,0.449,10000
389,2684.49,6.896,5.949,0.449,9985
390,2691.51,6.896,5.949,0.449,9983
391,2698.70,6.896,5.949,0.449,9984
392,2705.28,6.896,5.949,0.449,9961
393,2712.43,6.896,5.949,0.449,9949
394,2719.07,6.896,5.949,0.449,9967
395,2726.09,6.896,5.949,0.449,9995
396,2733.57,6.896,5.949,0.449,10000
397,2739.74,6.896,5.949,0.449,9992
398,2746.77,6.896,5.949,0.449,9985
399,2753.72,6.896,5.949,0.449,9978
400,2760.64,6.896,4.715,0.417,9966
401,2767.64,6.896,4.715,0.417,9950
402,2774.36,6.896,4.715,0.417,9976
403,2781.61,6.896,4.715,0.417,10000
404,2788.07,6.896,4.715,0.417,10000
405,2795.29,6.896,4.715,0.417,9988
406,2801.91,6.896,4.715,0.417,9988
407,2808.80,6.896,4.715,0.417,9981
408,2816.12,6.896,4.715,0.417,9959
409,2822.57,6.896,4.715,0.417,9957
410,2829.75,6.896,4.715,0.417,9985
411,2836.77,6.896,4.715,0.417,10000
412,2843.13,6.896,4.715,0.417,9997
413,2850.42,6.896,4.715,0.417,9983
414,2857.17,6.896,4.715,0.417,9981
415,2864.24,6.896,4.715,0.417,9974
416,2870.80,6.896,4.715,0.417,9966
417,2878.06,6.896,4.715,0.417,9956
418,2884.57,6.896,4.715,0.417,9984
419,2891.54,6.896,4.715,0.417,10000
420,2898.79,6.896,4.715,0.417,9991
421,2905.32,6.896,4.715,0.417,9984
422,2912.75,6.896,4.715,0.417,9977
423,2919.22,6.896,4.715,0.417,9966
424,2926.10,6.896,4.715,0.417,9959
425,2933.31,6.896,4.715,0.417,9964
426,2940.33,6.896,4.715,0.417,9992
427,2947.07,6.896,4.715,0.417,10000
428,2953.66,6.896,4.715,0.417,9992
429,2960.66,6.896,4.715,0.417,9985
430,2967.67,6.896,4.715,0.417,9985
431,2974.45,6.896,4.715,0.417,9963
432,2981.48,6.896,4.715,0.417,9948
433,2988.20,6.896,4.715,0.417,9958
434,2995.36,6.896,4.715,0.417,9986
435,3001.80,6.896,4.715,0.417,10000
436,3008.73,6.896,4.715,0.417,9989
437,3016.33,6.896,4.715,0.417,9976
438,3022.66,6.896,4.715,0.417,9973
439,3030.03,6.896,4.715,0.417,9953
440,3036.49,6.896,4.715,0.417,9919
441,3043.78,6.896,4.715,0.417,9942
442,3050.53,6.896,4.715,0.417,9970
443,3057.25,6.896,4.715,0.417,9998
444,3064.44,6.896,4.715,0.417,9976
445,3070.89,6.896,4.715,0.417,9982
446,3078.14,6.896,4.715,0.417,9980
447,3084.73,6.896,4.715,0.417,9940
448,3091.68,6.896,4.715,0.417,9930
449,3098.90,6.896,4.715,0.417,9957
450,3105.57,6.896,4.715,0.417,9985
451,3112.62,6.896,4.715,0.417,10000
452,3119.25,6.896,4.715,0.417,9975
453,3126.19,6.896,4.715,0.417,9968
454,3133.40,6.896,4.715,0.417,9959
455,3140.08,6.896,4.715,0.417,9919
456,3147.55,6.896,4.715,0.417,9916
457,3153.67,6.896,4.715,0.417,9943
458,3160.67,6.896,4.715,0.417,9971
459,3167.95,6.896,4.715,0.417,9990
460,3174.49,6.896,4.715,0.417,9971
461,3181.56,6.896,4.715,0.417,9972
462,3188.36,6.896,4.715,0.417,9970
463,3195.41,6.896,4.715,0.417,9938
464,3202.11,6.896,4.715,0.417,9945
465,3208.92,6.896,4.715,0.417,9973
466,3216.35,6.896,4.715,0.417,10000
467,3222.75,6.896,4.715,0.417,9987
468,3229.93,6.896,4.715,0.417,9980
469,3236.49,6.896,4.715,0.417,9985
470,3243.46,6.896,4.715,0.417,9961
471,3251.06,6.896,4.715,0.417,9937
472,3257.31,6.896,4.715,0.417,9948
473,3264.58,6.896,4.715,0.417,9976
474,3271.08,6.896,4.715,0.417,10000
475,3278.21,6.896,4.715,0.417,9985
476,3284.95,6.896,4.715,0.417,9979
477,3291.86,6.896,4.715,0.417,9971
478,3298.93,6.896,4.715,0.417,9944
479,3305.64,6.896,4.715,0.417,9901
480,3312.71,6.896,4.715,0.417,9917
481,3319.35,6.896,4.715,0.417,9945
482,3326.39,6.896,4.715,0.417,9973
483,3333.52,6.896,4.715,0.417,9973
484,3340.14,6.896,4.715,0.417,9970
485,3347.41,6.896,4.715,0.417,9969
486,3354.42,6.896,4.715,0.417,9945
487,3360.89,6.896,4.715,0.417,9910
488,3368.11,6.896,4.715,0.417,9937
489,3374.65,6.896,4.715,0.417,9965
490,3381.83,6.896,4.715,0.417,9990
491,3388.47,6.896,4.715,0.417,9960
492,3395.64,6.896,4.715,0.417,9965
493,3402.32,6.896,4.715,0.417,9961
494,3409.13,6.896,4.715,0.417,9920
495,3416.31,6.896,4.715,0.417,9897
496,3422.78,6.896,4.715,0.417,9925
497,3430.17,6.896,4.715,0.417,9952
498,3436.55,6.896,4.715,0.417,9971
499,3443.58,6.896,4.715,0.417,9966
500,3450.61,6.896,4.715,0.417,9970
501,3457.78,6.896,4.715,0.417,9960
502,3464.73,6.896,4.715,0.417,9913
503,3471.46,6.896,4.715,0.417,9895
504,3478.41,6.896,4.715,0.417,9922
505,3485.06,6.896,4.715,0.417,9950
506,3491.92,6.896,4.715,0.417,9964
507,3499.17,6.896,4.715,0.417,9954
508,3505.78,6.896,4.715,0.417,9945
509,3512.93,6.896,4.715,0.417,9934
510,3519.66,6.896,4.715,0.417,9895
511,3526.40,6.896,4.715,0.417,9892
512,3533.60,6.896,4.715,0.417,9919
513,3540.13,6.896,4.715,0.417,9947
514,3547.41,6.896,4.715,0.417,9959
515,3554.42,6.896,4.715,0.417,9966
516,3561.24,6.896,4.715,0.417,9966
517,3568.12,6.896,4.715,0.417,9939
518,3574.65,6.896,4.715,0.417,9900
519,3581.87,6.896,4.715,0.417,9915
520,3588.49,6.896,4.715,0.417,9943
521,3595.85,6.896,4.715,0.417,9970
522,3602.35,6.896,4.715,0.417,9970
523,3609.26,6.896,4.715,0.417,9972
524,3616.46,6.896,4.715,0.417,9969
525,3623.01,6.896,4.715,0.417,9940
526,3630.24,6.896,4.715,0.417,9906
527,3636.77,6.896,4.715,0.417,9934
528,3643.71,6.896,4.715,0.417,9961
529,3650.75,6.896,4.715,0.417,9985
530,3657.48,6.896,4.715,0.417,9972
531,3665.23,6.896,4.715,0.417,9969
532,3671.33,6.896,4.715,0.417,9958
533,3678.30,6.896,4.715,0.417,9927
534,3685.16,6.896,4.715,0.417,9904
535,3692.04,6.896,4.715,0.417,9932
536,3699.14,6.896,4.715,0.417,9959
537,3705.66,6.896,4.715,0.417,9979
538,3712.80,6.896,4.715,0.417,9967
539,3719.49,6.896,4.715,0.417,9963
540,3726.60,6.896,4.715,0.417,9949
541,3733.57,6.896,4.715,0.417,9925
542,3740.61,6.896,4.715,0.417,9907
543,3747.44,6.896,4.715,0.417,9934
544,3754.14,6.896,4.715,0.417,9962
545,3761.01,6.896,5.438,0.467,9974
546,3768.75,6.896,5.438,0.467,9957
547,3774.78,6.896,5.438,0.467,9959
548,3781.85,6.896,5.438,0.467,9941
549,3788.74,6.896,5.438,0.467,9924
550,3795.89,6.896,5.438,0.467,9927
551,3802.31,6.896,5.438,0.467,9955
552,3809.33,6.896,5.438,0.467,9982
553,3816.54,6.896,5.438,0.467,9976
554,3823.14,6.896,5.438,0.467,9959
555,3830.21,6.896,5.438,0.467,9952
556,3836.85,6.896,5.438,0.467,9936
557,3843.79,6.896,5.438,0.467,9921
558,3851.16,6.896,5.438,0.467,9933
559,3857.50,6.896,5.438,0.467,9961
560,3864.79,6.896,5.438,0.467,9988
561,3871.88,6.896,5.438,0.467,9960
562,3878.62,6.896,5.438,0.467,9951
563,3885.12,6.896,5.438,0.467,9934
564,3892.14,6.896,5.438,0.467,9914
565,3899.40,6.896,5.438,0.467,9892
566,3905.90,6.896,5.438,0.467,9918
567,3912.87,6.896,5.438,0.467,9945
568,3919.64,6.896,5.438,0.467,9973
569,3926.59,6.896,5.438,0.467,9955
570,3933.73,6.896,5.438,0.467,9950
571,3940.36,6.896,5.438,0.467,9936
572,3947.55,6.896,5.438,0.467,9908
573,3954.20,6.896,5.438,0.467,9898
574,3960.94,6.896,5.438,0.467,9925
575,3968.32,6.896,5.438,0.467,9953
576,3975.27,6.896,5.438,0.467,9976
577,3982.11,6.896,5.438,0.467,9958
578,3988.63,6.896,5.438,0.467,9940
579,3995.91,6.896,5.438,0.467,9933
580,4002.47,6.896,5.438,0.467,9915
581,4009.42,6.896,5.438,0.467,9919
582,4016.73,6.896,5.438,0.467,9947
583,4023.20,6.896,5.438,0.467,9975
584,4030.51,6.896,5.438,0.467,9988
585,4036.94,6.896,5.438,0.467,9969
586,4043.93,6.896,5.438,0.467,9955
587,4051.05,6.896,5.438,0.467,9936
588,4057.65,6.896,5.438,0.467,9915
589,4064.74,6.896,5.438,0.467,9921
590,4071.38,6.896,5.438,0.467,9949
591,4079.24,6.896,5.438,0.467,9976
592,4085.33,6.896,5.438,0.467,9986
593,4092.33,6.896,5.438,0.467,9955
594,4099.27,6.896,5.438,0.467,9950
595,4106.06,6.896,5.438,0.467,9916
596,4113.18,6.896,5.438,0.467,9897
597,4119.77,6.896,5.438,0.467,9909
598,4126.55,6.896,5.438,0.467,9936
599,4133.68,6.896,5.438,0.467,9964
600,4140.62,6.896,5.438,0.467,9965
601,4147.88,6.896,5.438,0.467,9956
602,4154.35,6.896,5.438,0.467,9931
603,4161.17,6.896,5.438,0.467,9923
604,4168.47,6.896,5.438,0.467,9912
605,4174.93,6.896,5.438,0.467,9930
606,4182.63,6.896,5.438,0.467,9958
607,4188.65,6.896,5.438,0.467,9986
608,4195.94,6.896,5.438,0.467,9966
609,4202.65,6.896,5.438,0.467,9948
610,4209.52,6.896,5.438,0.467,9932
611,4216.74,6.896,5.438,0.467,9916
612,4223.29,6.896,5.438,0.467,9913
613,4230.40,6.896,5.438,0.467,9940
614,4236.95,6.896,5.438,0.467,9968
615,4244.04,6.896,5.438,0.467,9986
616,4251.07,6.896,5.438,0.467,9949
617,4257.76,6.896,5.438,0.467,9917
618,4265.10,6.896,5.438,0.467,9899
619,4271.71,6.896,5.438,0.467,9900
620,4278.70,6.896,5.438,0.467,9896
621,4285.69,6.896,5.438,0.467,9924
622,4292.35,6.896,5.438,0.467,9951
623,4299.72,6.896,5.438,0.467,9968
624,4306.04,6.896,5.438,0.467,9929
625,4313.23,6.896,5.438,0.467,9920
626,4319.76,6.896,5.438,0.467,9906
627,4326.87,6.896,5.438,0.467,9890
628,4333.90,6.896,5.438,0.467,9898
629,4340.50,6.896,5.438,0.467,9925
630,4347.76,6.896,5.438,0.467,9953
631,4354.34,6.896,5.438,0.467,9956
632,4361.28,6.896,5.438,0.467,9935
633,4368.60,6.896,5.438,0.467,9915
634,4375.08,6.896,5.438,0.467,9892
635,4382.18,6.896,5.438,0.467,9885
636,4389.36,6.896,5.438,0.467,9899
637,4396.21,6.896,5.438,0.467,9926
638,4402.64,6.896,5.438,0.467,9954
639,4409.66,6.896,5.438,0.467,9951
640,4416.61,6.896,5.438,0.467,9921
641,4423.41,6.896,5.438,0.467,9892
642,4430.61,6.896,5.438,0.467,9887
643,4437.24,6.896,5.438,0.467,9891
644,4444.16,6.896,5.438,0.467,9911
645,4451.28,6.896,5.438,0.467,9939
646,4458.20,6.896,5.438,0.467,9966
647,4465.06,6.896,5.438,0.467,9958
648,4471.67,6.896,5.438,0.467,9950
649,4478.84,6.896,5.438,0.467,9928
650,4485.48,6.896,5.438,0.467,9922
651,4493.03,6.896,5.438,0.467,9925
652,4499.50,6.896,5.438,0.467,9953
653,4506.35,6.896,5.438,0.467,9980
654,4513.35,6.896,5.438,0.467,9992
655,4520.20,6.896,5.438,0.467,9961
656,4526.82,6.896,5.438,0.467,9940
657,4534.26,6.896,5.438,0.467,9913
658,4540.72,6.896,5.438,0.467,9932
659,4547.75,6.896,5.438,0.467,9935
660,4554.46,6.896,5.438,0.467,9963
661,4561.40,6.896,5.438,0.467,9990
662,4568.57,6.896,5.438,0.467,9991
663,4575.16,6.896,5.438,0.467,9941
664,4582.41,6.896,5.438,0.467,9909
665,4588.88,6.896,5.438,0.467,9899
666,4597.16,6.896,5.438,0.467,9906
667,4602.69,6.896,5.438,0.467,9920
668,4609.70,6.896,5.438,0.467,9947
669,4616.67,6.896,5.438,0.467,9975
670,4623.52,6.896,5.438,0.467,9974
671,4630.73,6.896,5.438,0.467,9953
672,4637.32,6.896,5.438,0.467,9939
673,4644.35,6.896,5.438,0.467,9929
674,4651.31,6.896,5.438,0.467,9941
675,4658.06,6.896,5.438,0.467,9957
676,4665.31,6.896,5.438,0.467,9985
677,4671.89,6.896,5.438,0.467,10000
678,4678.92,6.896,5.438,0.467,9982
679,4685.55,6.896,5.438,0.467,9945
680,4692.59,6.896,5.438,0.467,9931
681,4700.12,6.896,5.438,0.467,9933
682,4706.35,6.896,5.438,0.467,9947
683,4713.58,6.896,5.438,0.467,9971
684,4720.10,6.896,5.438,0.467,9999
685,4726.92,6.896,5.438,0.467,10000
686,4734.04,6.896,5.438,0.467,9958
687,4740.83,6.896,5.438,0.467,9935
688,4748.17,6.896,5.438,0.467,9915
689,4754.68,6.896,5.438,0.467,9910
690,4761.67,6.896,5.893,0.433,9928
691,4768.68,6.896,5.893,0.433,9955
692,4775.31,6.896,5.893,0.433,9983
693,4782.32,6.896,5.893,0.433,10000
694,4789.06,6.896,5.893,0.433,9948
695,4796.34,6.896,5.893,0.433,9925
696,4803.54,6.896,5.893,0.433,9913
697,4809.88,6.896,5.893,0.433,9925
698,4817.05,6.896,5.893,0.433,9942
699,4823.67,6.896,5.893,0.433,9970
700,4830.85,6.896,5.893,0.433,9997
701,4837.26,6.896,5.893,0.433,9991
702,4844.33,6.896,5.893,0.433,9958
703,4851.52,6.896,5.893,0.433,9936
704,4858.13,6.896,5.893,0.433,9921
705,4865.25,6.896,5.893,0.433,9930
706,4871.96,6.896,5.893,0.433,9948
707,4879.13,6.896,5.893,0.433,9975
708,4885.66,6.896,5.893,0.433,10000
709,4892.46,6.896,5.893,0.433,9984
710,4899.62,6.896,5.893,0.433,9954
711,4906.81,6.896,5.893,0.433,9934
712,4913.60,6.896,5.893,0.433,9930
713,4920.30,6.896,5.893,0.433,9945
714,4927.12,6.896,5.893,0.433,9967
715,4934.37,6.896,5.893,0.433,9994
716,4941.06,6.896,5.893,0.433,10000
717,4948.26,6.896,5.893,0.433,9973
718,4954.94,6.896,5.893,0.433,9964
719,4962.29,6.896,5.893,0.433,9940
720,4968.79,6.896,5.893,0.433,9940
721,4975.39,6.896,5.893,0.433,9956
722,4982.59,6.896,5.893,0.433,9981
723,4989.18,6.896,5.893,0.433,10000
724,4996.51,6.896,5.893,0.433,10000
725,5002.96,6.896,5.893,0.433,9961
726,5010.25,6.896,5.893,0.433,9952
727,5016.88,6.896,5.893,0.433,9937
728,5023.68,6.896,5.893,0.433,9947
729,5030.81,6.896,5.893,0.433,9967
730,5037.49,6.896,5.893,0.433,9993
731,5044.29,6.896,5.893,0.433,10000
732,5051.39,6.896,5.893,0.433,10000
733,5058.25,6.896,5.893,0.433,9960
734,5065.50,6.896,5.893,0.433,9949
735,5072.00,6.896,5.893,0.433,9938
736,5079.34,6.896,5.893,0.433,9952
737,5085.67,6.896,5.893,0.433,9971
738,5092.61,6.896,5.893,0.433,9999
739,5099.90,6.896,5.893,0.433,10000
740,5106.40,6.896,5.893,0.433,9988
741,5113.95,6.896,5.893,0.433,9962
742,5120.25,6.896,5.893,0.433,9961
743,5127.13,6.896,5.893,0.433,9951
744,5134.36,6.896,5.893,0.433,9961
745,5141.02,6.896,5.893,0.433,9981
746,5148.04,6.896,5.893,0.433,10000
747,5154.65,6.896,5.893,0.433,10000
748,5161.65,6.896,5.893,0.433,9984
749,5168.88,6.896,5.893,0.433,9954
750,5175.55,6.896,5.893,0.433,9939
751,5182.49,6.896,5.893,0.433,9940
752,5189.24,6.896,5.893,0.433,9959
753,5196.35,6.896,5.893,0.433,9980
754,5203.12,6.896,5.893,0.433,10000
755,5210.20,6.896,5.893,0.433,10000
756,5217.36,6.896,5.893,0.433,9977
757,5223.70,6.896,5.893,0.433,9956
758,5231.14,6.896,5.893,0.433,9939
759,5237.58,6.896,5.893,0.433,9943
760,5244.53,6.896,5.893,0.433,9963
761,5252.85,6.896,5.893,0.433,9987
762,5258.26,6.896,5.893,0.433,10000
763,5265.26,6.896,5.893,0.433,10000
764,5272.19,6.896,5.893,0.433,9981
765,5279.24,6.896,5.893,0.433,9950
766,5285.95,6.896,5.893,0.433,9936
767,5292.77,6.896,5.893,0.433,9942
768,5300.09,6.896,5.893,0.433,9953
769,5306.60,6.896,5.893,0.433,9977
770,5313.83,6.896,5.893,0.433,10000
771,5320.88,6.896,5.893,0.433,10000
772,5327.29,6.896,5.893,0.433,9962
773,5334.43,6.896,5.893,0.433,9948
774,5341.10,6.896,5.893,0.433,9941
775,5348.29,6.896,5.893,0.433,9951
776,5354.96,6.896,5.893,0.433,9964
777,5361.69,6.896,5.893,0.433,9991
778,5368.77,6.896,5.893,0.433,10000
779,5375.51,6.896,5.893,0.433,9996
780,5382.63,6.896,5.893,0.433,9950
781,5389.44,6.896,5.893,0.433,9939
782,5396.81,6.896,5.893,0.433,9946
783,5403.14,6.896,5.893,0.433,9959
784,5410.04,6.896,5.893,0.433,9974
785,5417.29,6.896,5.893,0.433,10000
786,5424.43,6.896,5.893,0.433,10000
787,5431.01,6.896,5.893,0.433,9990
788,5437.61,6.896,5.893,0.433,9976
789,5444.64,6.896,5.893,0.433,9971
790,5452.06,6.896,5.893,0.433,9967
791,5458.36,6.896,5.893,0.433,9974
792,5465.52,6.896,5.893,0.433,9984
793,5472.26,6.896,5.893,0.433,10000
794,5479.58,6.896,5.893,0.433,10000
795,5485.96,6.896,5.893,0.433,9991
796,5492.79,6.896,5.893,0.433,9962
797,5500.19,6.896,5.893,0.433,9955
798,5506.61,6.896,5.893,0.433,9964
799,5513.88,6.896,5.893,0.433,9970
800,5520.42,6.896,5.893,0.433,9988
801,5527.77,6.896,5.893,0.433,10000
802,5534.43,6.896,5.893,0.433,10000
803,5541.07,6.896,5.893,0.433,9982
804,5548.47,6.896,5.893,0.433,9977
805,5555.00,6.896,5.893,0.433,9967
806,5561.89,6.896,5.893,0.433,9970
807,5569.02,6.896,5.893,0.433,9976
808,5575.68,6.896,5.893,0.433,9998
809,5582.76,6.896,5.893,0.433,10000
810,5589.38,6.896,5.893,0.433,10000
811,5596.70,6.896,5.893,0.433,9975
812,5603.27,6.896,5.893,0.433,9968
813,5610.12,6.896,5.893,0.433,9968
814,5617.41,6.896,5.893,0.433,9976
815,5623.91,6.896,5.893,0.433,9976
816,5631.48,6.896,5.893,0.433,9999
817,5637.66,6.896,5.893,0.433,10000
818,5644.65,6.896,5.893,0.433,10000
819,5652.07,6.896,5.893,0.433,9983
820,5658.49,6.896,5.893,0.433,9981
821,5665.81,6.896,5.893,0.433,9981
822,5672.35,6.896,5.893,0.433,9974
823,5679.42,6.896,5.893,0.433,9977
824,5686.08,6.896,5.893,0.433,10000
825,5692.86,6.896,5.893,0.433,10000
826,5700.25,6.896,5.893,0.433,9996
827,5706.81,6.896,5.893,0.433,9975
828,5714.20,6.896,5.893,0.433,9973
829,5720.47,6.896,5.893,0.433,9979
830,5727.47,6.896,5.893,0.433,9981
831,5735.40,6.896,5.893,0.433,9977
832,5741.21,6.896,5.893,0.433,10000
833,5748.52,6.896,5.893,0.433,10000
834,5754.96,6.896,7.327,1.500,9989
835,5762.28,6.896,7.327,1.500,9977
836,5769.16,6.896,7.327,1.500,9982
837,5775.74,6.896,7.327,1.500,9965
838,5782.80,6.896,7.327,1.500,9958
839,5789.48,6.896,7.327,1.500,9976
840,5796.68,6.896,7.327,1.500,10000
841,5803.26,6.896,7.327,1.500,10000
842,5810.25,6.896,7.327,1.500,9989
843,5817.38,6.896,7.327,1.500,9980
844,5824.05,6.896,7.327,1.500,9973
845,5831.39,6.896,7.327,1.500,9973
846,5838.35,6.896,7.327,1.500,9966
847,5844.80,6.896,7.327,1.500,9980
848,5852.11,6.896,7.327,1.500,10000
849,5858.65,6.896,7.327,1.500,10000
850,5866.17,6.896,7.327,1.500,9987
851,5872.34,6.896,7.327,1.500,9977
852,5879.62,6.896,7.327,1.500,9978
853,5886.14,6.896,7.327,1.500,9957
854,5893.12,6.896,7.327,1.500,9949
855,5900.45,6.896,7.327,1.500,9970
856,5906.84,6.896,7.327,1.500,9997
857,5914.10,6.896,7.327,1.500,10000
858,5920.67,6.896,7.327,1.500,9982
859,5927.59,6.896,7.327,1.500,9980
860,5935.12,6.896,7.327,1.500,9977
861,5941.80,6.896,7.327,1.500,9965
862,5948.80,6.896,7.327,1.500,9944
863,5955.14,6.896,7.327,1.500,9972
864,5962.06,6.896,7.327,1.500,10000
865,5969.24,6.896,7.327,1.500,9999
866,5976.17,6.896,7.327,1.500,9986
867,5983.36,6.896,7.327,1.500,9992
868,5989.63,6.896,7.327,1.500,9973
869,5996.84,6.896,7.327,1.500,9966
870,6003.64,6.896,7.327,1.500,9969
871,6010.51,6.896,7.327,1.500,9997
872,6017.43,6.896,7.327,1.500,10000
873,6024.13,6.896,7.327,1.500,9995
874,6031.44,6.896,7.327,1.500,9992
875,6038.09,6.896,7.327,1.500,9981
876,6045.19,6.896,7.327,1.500,9979
877,6052.16,6.896,7.327,1.500,9969
878,6058.63,6.896,7.327,1.500,9983
879,6065.73,6.896,7.327,1.500,10000
880,6072.33,6.896,7.327,1.500,10000
881,6079.53,6.896,7.327,1.500,9996
882,6086.26,6.896,7.327,1.500,9983
883,6093.20,6.896,7.327,1.500,9982
884,6100.37,6.896,7.327,1.500,9975
885,6107.09,6.896,7.327,1.500,9954
886,6114.06,6.896,7.327,1.500,9962
887,6120.64,6.896,7.327,1.500,9990
888,6127.64,6.896,7.327,1.500,10000
889,6134.78,6.896,7.327,1.500,9990
890,6141.49,6.896,7.327,1.500,9983
891,6149.13,6.896,7.327,1.500,9976
892,6155.29,6.896,7.327,1.500,9968
893,6162.16,6.896,7.327,1.500,9947
894,6169.33,6.896,7.327,1.500,9970
895,6175.96,6.896,7.327,1.500,9998
896,6183.00,6.896,7.327,1.500,10000
897,6189.91,6.896,7.327,1.500,9981
898,6197.30,6.896,7.327,1.500,9973
899,6204.72,6.896,7.327,1.500,9984
900,6213.83,6.896,7.327,1.500,9968
901,6220.56,6.896,7.327,1.500,9960
902,6228.17,13.792,7.327,1.500,10000
903,6234.53,6.896,7.327,1.500,10000
904,6239.10,6.896,7.327,1.500,9999
905,6246.24,6.896,7.327,1.500,9977
906,6252.37,6.896,7.327,1.500,9981
907,6259.13,6.896,7.327,1.500,9979
908,6265.67,6.896,7.327,1.500,9966
909,6272.82,6.896,7.327,1.500,9956
910,6279.52,6.896,7.327,1.500,9983
911,6286.33,6.896,7.327,1.500,10000
912,6293.47,6.896,7.327,1.500,9997
913,6300.26,6.896,7.327,1.500,9976
914,6307.35,6.896,7.327,1.500,9981
915,6314.12,6.896,7.327,1.500,9971
916,6320.72,6.896,7.327,1.500,9954
917,6327.90,6.896,7.327,1.500,9948
918,6334.66,6.896,7.327,1.500,9975
919,6341.80,6.896,7.327,1.500,10000
920,6348.88,6.896,7.327,1.500,9991
921,6355.46,6.896,7.327,1.500,9977
922,6362.58,6.896,7.327,1.500,9971
923,6369.37,6.896,7.327,1.500,9960
924,6376.60,6.896,7.327,1.500,9945
925,6382.93,6.896,7.327,1.500,9956
926,6390.10,6.896,7.327,1.500,9983
927,6396.64,6.896,7.327,1.500,10000
928,6403.61,6.896,7.327,1.500,9984
929,6410.77,6.896,7.327,1.500,9976
930,6417.44,6.896,7.327,1.500,9968
931,6424.53,6.896,7.327,1.500,9952
932,6431.26,6.896,7.327,1.500,9913
933,6438.17,6.896,7.327,1.500,9931
934,6445.38,6.896,7.327,1.500,9959
935,6452.50,6.896,7.327,1.500,9986
936,6460.57,6.896,7.327,1.500,9979
937,6465.64,6.896,7.327,1.500,9979
938,6473.01,6.896,7.327,1.500,9978
939,6480.14,6.896,7.327,1.500,9955
940,6486.57,6.896,7.327,1.500,9932
941,6493.65,6.896,7.327,1.500,9957
942,6500.20,6.896,7.327,1.500,9984
943,6507.35,6.896,7.327,1.500,10000
944,6514.02,6.896,7.327,1.500,9976
945,6520.88,6.896,7.327,1.500,9979
946,6528.15,6.896,7.327,1.500,9972
947,6534.84,6.896,7.327,1.500,9953
948,6541.89,6.896,7.327,1.500,9933
949,6548.54,6.896,7.327,1.500,9961
950,6556.02,6.896,7.327,1.500,9988
951,6562.86,6.896,7.327,1.500,9996
952,6569.26,6.896,7.327,1.500,9978
953,6576.47,6.896,7.327,1.500,9982
954,6583.12,6.896,7.327,1.500,9967
955,6590.25,6.896,7.327,1.500,9951
956,6596.91,6.896,7.327,1.500,9954
957,6603.75,6.896,7.327,1.500,9981
958,6611.19,6.896,7.327,1.500,10000
959,6617.77,6.896,7.327,1.500,9991
960,6624.83,6.896,7.327,1.500,9972
961,6631.31,6.896,7.327,1.500,9969
962,6638.26,6.896,7.327,1.500,9957
963,6645.78,6.896,7.327,1.500,9931
964,6652.10,6.896,7.327,1.500,9933
965,6659.58,6.896,7.327,1.500,9960
966,6666.00,6.896,7.327,1.500,9988
967,6673.19,6.896,7.327,1.500,9986
968,6679.68,6.896,7.327,1.500,9968
969,6686.60,6.896,7.327,1.500,9971
970,6693.73,6.896,7.327,1.500,9946
971,6700.51,6.896,7.327,1.500,9916
972,6707.54,6.896,7.327,1.500,9927
973,6714.14,6.896,7.327,1.500,9954
974,6721.04,6.896,7.327,1.500,9982
975,6728.35,6.896,7.327,1.500,9983
976,6734.91,6.896,7.327,1.500,9974
977,6741.96,6.896,7.327,1.500,9966
978,6748.67,6.896,7.327,1.500,9949
979,6755.74,6.896,9.166,1.818,9923
980,6763.37,6.896,9.166,1.818,9944
981,6769.50,6.896,9.166,1.818,9972
982,6776.39,6.896,9.166,1.818,9999
983,6783.10,6.896,9.166,1.818,9968
984,6790.26,6.896,9.166,1.818,9963
985,6796.87,6.896,9.166,1.818,9949
986,6803.90,6.896,9.166,1.818,9925
987,6811.04,6.896,9.166,1.818,9912
988,6817.74,6.896,9.166,1.818,9940
989,6824.68,6.896,9.166,1.818,9967
990,6831.57,6.896,9.166,1.818,9994
991,6838.34,6.896,9.166,1.818,9969
992,6845.65,6.896,9.166,1.818,9967
993,6852.20,6.896,9.166,1.818,9968
994,6859.40,6.896,9.166,1.818,9950
995,6866.53,6.896,9.166,1.818,9932
996,6873.10,6.896,9.166,1.818,9960
997,6879.76,6.896,9.166,1.818,9987
998,6886.69,6.896,9.166,1.818,9992
999,6894.16,6.896,9.166,1.818,9959
1000,6900.46,6.896,9.166,1.818,9957
1001,6907.73,6.896,9.166,1.818,9949
1002,6914.28,6.896,9.166,1.818,9928
1003,6921.27,6.896,9.166,1.818,9923
1004,6928.39,6.896,9.166,1.818,9950
1005,6934.90,6.896,9.166,1.818,9978
1006,6942.11,6.896,9.166,1.818,9981
1007,6948.67,6.896,9.166,1.818,9967
1008,6955.56,6.896,9.166,1.818,9952
1009,6962.75,6.896,9.166,1.818,9937
1010,6969.83,6.896,9.166,1.818,9913
1011,6976.71,6.896,9.166,1.818,9923
1012,6983.22,6.896,9.166,1.818,9951
1013,6990.32,6.896,9.166,1.818,9979
1014,6997.08,6.896,9.166,1.818,9973
1015,7004.02,6.896,9.166,1.818,9964
1016,7011.12,6.896,9.166,1.818,9967
1017,7017.72,6.896,9.166,1.818,9948
1018,7024.76,6.896,9.166,1.818,9931
1019,7031.56,6.896,9.166,1.818,9947
1020,7038.41,6.896,9.166,1.818,9975
1021,7045.57,6.896,9.166,1.818,10000
1022,7052.29,6.896,9.166,1.818,9965
1023,7059.46,6.896,9.166,1.818,9963
1024,7066.13,6.896,9.166,1.818,9952
1025,7073.56,6.896,9.166,1.818,9925
1026,7079.82,6.896,9.166,1.818,9912
1027,7086.64,6.896,9.166,1.818,9939
1028,7093.78,6.896,9.166,1.818,9967
1029,7100.64,6.896,9.166,1.818,9992
1030,7107.70,6.896,9.166,1.818,9966
1031,7114.36,6.896,9.166,1.818,9939
1032,7121.24,6.896,9.166,1.818,9925
1033,7128.50,6.896,9.166,1.818,9903
1034,7135.06,6.896,9.166,1.818,9887
1035,7142.20,6.896,9.166,1.818,9915
1036,7148.82,6.896,9.166,1.818,9942
1037,7155.89,6.896,9.166,1.818,9965
1038,7163.16,6.896,9.166,1.818,9950
1039,7169.59,6.896,9.166,1.818,9938
1040,7177.29,6.896,9.166,1.818,9928
1041,7184.62,6.896,9.166,1.818,9916
1042,7190.39,6.896,9.166,1.818,9916
1043,7197.29,6.896,9.166,1.818,9943
1044,7204.15,6.896,9.166,1.818,9971
1045,7211.29,6.896,9.166,1.818,9987
1046,7217.82,6.896,9.166,1.818,9961
1047,7225.10,6.896,9.166,1.818,9949
1048,7231.70,6.896,9.166,1.818,9933
1049,7238.52,6.896,9.166,1.818,9905
1050,7245.60,6.896,9.166,1.818,9907
1051,7252.42,6.896,9.166,1.818,9934
1052,7259.55,6.896,9.166,1.818,9962
1053,7266.20,6.896,9.166,1.818,9969
1054,7273.07,6.896,9.166,1.818,9955
1055,7280.63,6.896,9.166,1.818,9939
1056,7286.87,6.896,9.166,1.818,9923
1057,7294.00,6.896,9.166,1.818,9898
1058,7300.55,6.896,9.166,1.818,9912
1059,7307.84,6.896,9.166,1.818,9940
1060,7314.40,6.896,9.166,1.818,9967
1061,7321.28,6.896,9.166,1.818,9964
1062,7328.60,6.896,9.166,1.818,9948
1063,7335.18,6.896,9.166,1.818,9934
1064,7342.46,6.896,9.166,1.818,9916
1065,7348.86,6.896,9.166,1.818,9901
1066,7356.02,6.896,9.166,1.818,9924
1067,7363.07,6.896,9.166,1.818,9951
1068,7369.66,6.896,9.166,1.818,9979
1069,7376.67,6.896,9.166,1.818,9959
1070,7383.94,6.896,9.166,1.818,9944
1071,7390.62,6.896,9.166,1.818,9931
1072,7397.28,6.896,9.166,1.818,9915
1073,7404.29,6.896,9.166,1.818,9911
1074,7411.31,6.896,9.166,1.818,9939
1075,7417.94,6.896,9.166,1.818,9966
1076,7425.27,6.896,9.166,1.818,9988
1077,7431.74,6.896,9.166,1.818,9961
1078,7438.71,6.896,9.166,1.818,9943
1079,7445.72,6.896,9.166,1.818,9926
1080,7452.41,6.896,9.166,1.818,9913
1081,7460.35,6.896,9.166,1.818,9913
1082,7466.26,6.896,9.166,1.818,9940
1083,7473.13,6.896,9.166,1.818,9968
1084,7480.27,6.896,9.166,1.818,9983
1085,7487.42,6.896,9.166,1.818,9954
1086,7494.01,6.896,9.166,1.818,9940
1087,7500.77,6.896,9.166,1.818,9920
1088,7508.12,6.896,9.166,1.818,9920
1089,7514.46,6.896,9.166,1.818,9938
1090,7521.37,6.896,9.166,1.818,9966
1091,7528.76,6.896,9.166,1.818,9993
1092,7535.29,6.896,9.166,1.818,9978
1093,7542.44,6.896,9.166,1.818,9966
1094,7549.12,6.896,9.166,1.818,9949
1095,7556.05,6.896,9.166,1.818,9936
1096,7563.15,6.896,9.166,1.818,9922
1097,7569.83,6.896,9.166,1.818,9938
1098,7577.00,6.896,9.166,1.818,9966
1099,7583.72,6.896,9.166,1.818,9993
1100,7591.31,6.896,9.166,1.818,9970
1101,7597.48,6.896,9.166,1.818,9942
1102,7604.39,6.896,9.166,1.818,9928
1103,7611.35,6.896,9.166,1.818,9917
1104,7618.12,6.896,9.166,1.818,9919
1105,7625.31,6.896,9.166,1.818,9939
1106,7631.77,6.896,9.166,1.818,9966
1107,7638.71,6.896,9.166,1.818,9994
1108,7646.08,6.896,9.166,1.818,9963
1109,7652.58,6.896,9.166,1.818,9944
1110,7659.71,6.896,9.166,1.818,9927
1111,7666.49,6.896,9.166,1.818,9920
1112,7673.25,6.896,9.166,1.818,9927
1113,7680.40,6.896,9.166,1.818,9954
1114,7687.09,6.896,9.166,1.818,9982
1115,7694.52,6.896,9.166,1.818,9997
1116,7700.77,6.896,9.166,1.818,9953
1117,7708.24,6.896,9.166,1.818,9942
1118,7714.64,6.896,9.166,1.818,9925
1119,7721.60,6.896,9.166,1.818,9922
1120,7728.75,6.896,9.166,1.818,9925
1121,7735.30,6.896,9.166,1.818,9953
1122,7742.56,6.896,9.166,1.818,9981
1123,7749.17,6.896,9.166,1.818,9986
1124,7756.11,6.896,7.490,0.590,9951
1125,7763.25,6.896,7.490,0.590,9931
1126,7769.92,6.896,7.490,0.590,9933
1127,7776.81,6.896,7.490,0.590,9937
1128,7783.67,6.896,7.490,0.590,9947
1129,7790.89,6.896,7.490,0.590,9975
1130,7797.81,6.896,7.490,0.590,10000
1131,7804.49,6.896,7.490,0.590,9981
1132,7811.46,6.896,7.490,0.590,9953
1133,7818.21,6.896,7.490,0.590,9935
1134,7825.36,6.896,7.490,0.590,9936
1135,7832.14,6.896,7.490,0.590,9933
1136,7838.83,6.896,7.490,0.590,9952
1137,7846.12,6.896,7.490,0.590,9980
1138,7852.77,6.896,7.490,0.590,10000
1139,7859.83,6.896,7.490,0.590,9966
1140,7866.60,6.896,7.490,0.590,9949
1141,7873.34,6.896,7.490,0.590,9935
1142,7880.56,6.896,7.490,0.590,9932
1143,7887.22,6.896,7.490,0.590,9944
1144,7894.38,6.896,7.490,0.590,9967
1145,7901.38,6.896,7.490,0.590,9995
1146,7908.08,6.896,7.490,0.590,10000
1147,7914.66,6.896,7.490,0.590,9964
1148,7921.69,6.896,7.490,0.590,9953
1149,7928.66,6.896,7.490,0.590,9929
1150,7935.48,6.896,7.490,0.590,9930
1151,7942.62,6.896,7.490,0.590,9933
1152,7949.29,6.896,7.490,0.590,9960
1153,7956.15,6.896,7.490,0.590,9988
1154,7963.28,6.896,7.490,0.590,9997
1155,7970.00,6.896,7.490,0.590,9950
1156,7977.12,6.896,7.490,0.590,9940
1157,7983.70,6.896,7.490,0.590,9921
1158,7991.17,6.896,7.490,0.590,9922
1159,7997.64,6.896,7.490,0.590,9928
1160,8004.90,6.896,7.490,0.590,9956
1161,8011.61,6.896,7.490,0.590,9984
1162,8018.36,6.896,7.490,0.590,9988
1163,8025.33,6.896,7.490,0.590,9950
1164,8032.21,6.896,7.490,0.590,9937
1165,8039.26,6.896,7.490,0.590,9929
1166,8046.14,6.896,7.490,0.590,9937
1167,8052.71,6.896,7.490,0.590,9952
1168,8060.17,6.896,7.490,0.590,9980
1169,8066.55,6.896,7.490,0.590,10000
1170,8073.36,6.896,7.490,0.590,9986
1171,8080.73,6.896,7.490,0.590,9966
1172,8087.32,6.896,7.490,0.590,9946
1173,8094.63,6.896,7.490,0.590,9936
1174,8101.09,6.896,7.490,0.590,9947
1175,8108.73,6.896,7.490,0.590,9958
1176,8114.88,6.896,7.490,0.590,9986
1177,8121.74,6.896,7.490,0.590,10000
1178,8128.77,6.896,7.490,0.590,9979
1179,8135.57,6.896,7.490,0.590,9953
1180,8142.74,6.896,7.490,0.590,9934
1181,8149.40,6.896,7.490,0.590,9937
1182,8156.35,6.896,7.490,0.590,9938
1183,8163.52,6.896,7.490,0.590,9963
1184,8169.96,6.896,7.490,0.590,9991
1185,8177.27,6.896,7.490,0.590,10000
1186,8183.78,6.896,7.490,0.590,9965
1187,8190.85,6.896,7.490,0.590,9943
1188,8197.70,6.896,7.490,0.590,9935
1189,8204.58,6.896,7.490,0.590,9943
1190,8212.34,6.896,7.490,0.590,9946
1191,8218.39,6.896,7.490,0.590,9971
1192,8225.58,6.896,7.490,0.590,9999
1193,8232.15,6.896,7.490,0.590,10000
1194,8239.08,6.896,7.490,0.590,9950
1195,8246.18,6.896,7.490,0.590,9936
1196,8252.83,6.896,7.490,0.590,9930
1197,8260.09,6.896,7.490,0.590,9931
1198,8266.65,6.896,7.490,0.590,9941
1199,8273.55,6.896,7.490,0.590,9968
1200,8280.67,6.896,7.490,0.590,9996
1201,8287.30,6.896,7.490,0.590,9996
1202,8294.44,6.896,7.490,0.590,9968
1203,8301.21,6.896,7.490,0.590,9960
1204,8308.50,6.896,7.490,0.590,9952
1205,8315.33,6.896,7.490,0.590,9960
1206,8321.94,6.896,7.490,0.590,9970
1207,8328.91,6.896,7.490,0.590,9997
1208,8335.63,6.896,7.490,0.590,10000
1209,8342.87,6.896,7.490,0.590,9986
1210,8349.51,6.896,7.490,0.590,9956
1211,8356.46,6.896,7.490,0.590,9953
1212,8363.60,6.896,7.490,0.590,9951
1213,8370.21,6.896,7.490,0.590,9945
1214,8377.38,6.896,7.490,0.590,9967
1215,8384.09,6.896,7.490,0.590,9994
1216,8391.10,6.896,7.490,0.590,10000
1217,8397.66,6.896,7.490,0.590,9980
1218,8404.80,6.896,7.490,0.590,9962
1219,8411.90,6.896,7.490,0.590,9955
1220,8418.82,6.896,7.490,0.590,9953
1221,8425.74,6.896,7.490,0.590,9964
1222,8432.33,6.896,7.490,0.590,9987
1223,8439.21,6.896,7.490,0.590,10000
1224,8446.25,6.896,7.490,0.590,10000
1225,8452.81,6.896,7.490,0.590,9967
1226,8459.93,6.896,7.490,0.590,9954
1227,8466.72,6.896,7.490,0.590,9939
1228,8474.03,6.896,7.490,0.590,9940
1229,8480.80,6.896,7.490,0.590,9946
1230,8487.41,6.896,7.490,0.590,9971
1231,8494.57,6.896,7.490,0.590,9999
1232,8501.27,6.896,7.490,0.590,10000
1233,8508.54,6.896,7.490,0.590,9963
1234,8515.08,6.896,7.490,0.590,9960
1235,8522.49,6.896,7.490,0.590,9952
1236,8529.06,6.896,7.490,0.590,9956
1237,8535.93,6.896,7.490,0.590,9967
1238,8543.09,6.896,7.490,0.590,9994
1239,8549.62,6.896,7.490,0.590,10000
1240,8556.50,6.896,7.490,0.590,9995
1241,8563.68,6.896,7.490,0.590,9964
1242,8570.25,6.896,7.490,0.590,9951
1243,8577.40,6.896,7.490,0.590,9944
1244,8584.13,6.896,7.490,0.590,9955
1245,8591.17,6.896,7.490,0.590,9956
1246,8597.92,6.896,7.490,0.590,9983
1247,8604.71,6.896,7.490,0.590,10000
1248,8611.92,6.896,7.490,0.590,9991
1249,8618.55,6.896,7.490,0.590,9977
1250,8626.21,6.896,7.490,0.590,9965
1251,8632.44,6.896,7.490,0.590,9970
1252,8639.30,6.896,7.490,0.590,9979
1253,8646.46,6.896,7.490,0.590,9988
1254,8653.07,6.896,7.490,0.590,10000
1255,8660.18,6.896,7.490,0.590,10000
1256,8666.83,6.896,7.490,0.590,9986
1257,8673.77,6.896,7.490,0.590,9975
1258,8681.16,6.896,7.490,0.590,9967
1259,8687.89,6.896,7.490,0.590,9963
1260,8696.27,6.896,7.490,0.590,9959
1261,8701.46,6.896,7.490,0.590,9971
1262,8708.59,6.896,7.490,0.590,9999
1263,8715.15,6.896,7.490,0.590,10000
1264,8722.01,6.896,7.490,0.590,9981
1265,8729.56,6.896,7.490,0.590,9956
1266,8735.86,6.896,7.490,0.590,9962
1267,8742.92,6.896,7.490,0.590,9969
1268,8749.62,6.896,7.490,0.590,9974
1269,8756.61,6.896,8.397,0.397,9995
1270,8763.62,6.896,8.397,0.397,10000
1271,8770.37,6.896,8.397,0.397,10000
1272,8777.57,6.896,8.397,0.397,9961
1273,8784.19,6.896,8.397,0.397,9960
1274,8791.30,6.896,8.397,0.397,9959
1275,8798.00,6.896,8.397,0.397,9962
1276,8804.83,6.896,8.397,0.397,9964
1277,8812.19,6.896,8.397,0.397,9992
1278,8818.67,6.896,8.397,0.397,10000
1279,8825.62,6.896,8.397,0.397,9998
1280,8832.82,6.896,8.397,0.397,9965
1281,8839.35,6.896,8.397,0.397,9964
1282,8846.45,6.896,8.397,0.397,9961
1283,8853.29,6.896,8.397,0.397,9962
1284,8860.39,6.896,8.397,0.397,9971
1285,8866.94,6.896,8.397,0.397,9998
1286,8873.92,6.896,8.397,0.397,10000
1287,8881.10,6.896,8.397,0.397,9993
1288,8887.77,6.896,8.397,0.397,9973
1289,8894.81,6.896,8.397,0.397,9959
1290,8901.56,6.896,8.397,0.397,9953
1291,8908.69,6.896,8.397,0.397,9951
1292,8915.25,6.896,8.397,0.397,9965
1293,8922.12,6.896,8.397,0.397,9992
1294,8929.34,6.896,8.397,0.397,10000
1295,8936.26,6.896,8.397,0.397,9994
1296,8943.03,6.896,8.397,0.397,9979
1297,8949.77,6.896,8.397,0.397,9974
1298,8956.81,6.896,8.397,0.397,9970
1299,8963.95,6.896,8.397,0.397,9964
1300,8970.45,6.896,8.397,0.397,9981
1301,8977.94,6.896,8.397,0.397,10000
1302,8984.23,6.896,8.397,0.397,10000
1303,8991.30,6.896,8.397,0.397,9987
1304,8998.06,6.896,8.397,0.397,9969
1305,9005.00,6.896,8.397,0.397,9968
1306,9012.28,6.896,8.397,0.397,9975
1307,9018.68,6.896,8.397,0.397,9969
1308,9026.05,6.896,8.397,0.397,9986
1309,9032.48,6.896,8.397,0.397,10000
1310,9039.86,6.896,8.397,0.397,10000
1311,9046.39,6.896,8.397,0.397,9974
1312,9053.39,6.896,8.397,0.397,9961
1313,9060.34,6.896,8.397,0.397,9969
1314,9067.01,6.896,8.397,0.397,9970
1315,9074.06,6.896,8.397,0.397,9967
1316,9081.00,6.896,8.397,0.397,9995
1317,9087.86,6.896,8.397,0.397,10000
1318,9094.93,6.896,8.397,0.397,10000
1319,9101.59,6.896,8.397,0.397,9977
1320,9108.59,6.896,8.397,0.397,9979
1321,9115.41,6.896,8.397,0.397,9976
1322,9122.32,6.896,8.397,0.397,9969
1323,9129.47,6.896,8.397,0.397,9962
1324,9136.01,6.896,8.397,0.397,9989
1325,9143.66,6.896,8.397,0.397,10000
1326,9149.79,6.896,8.397,0.397,9995
1327,9156.75,6.896,8.397,0.397,9990
1328,9163.90,6.896,8.397,0.397,9975
1329,9170.53,6.896,8.397,0.397,9964
1330,9177.72,6.896,8.397,0.397,9962
1331,9184.35,6.896,8.397,0.397,9968
1332,9191.53,6.896,8.397,0.397,9995
1333,9198.26,6.896,8.397,0.397,10000
1334,9205.02,6.896,8.397,0.397,9989
1335,9212.39,6.896,8.397,0.397,9970
1336,9218.84,6.896,8.397,0.397,9976
1337,9226.04,6.896,8.397,0.397,9971
1338,9232.56,6.896,8.397,0.397,9964
1339,9239.62,6.896,8.397,0.397,9971
1340,9247.07,6.896,8.397,0.397,9998
1341,9253.40,6.896,8.397,0.397,10000
1342,9260.48,6.896,8.397,0.397,9983
1343,9267.23,6.896,8.397,0.397,9969
1344,9273.99,6.896,8.397,0.397,9973
1345,9281.07,6.896,8.397,0.397,9969
1346,9288.00,6.896,8.397,0.397,9949
1347,9294.96,6.896,8.397,0.397,9967
1348,9301.72,6.896,8.397,0.397,9994
1349,9308.68,6.896,8.397,0.397,10000
1350,9315.44,6.896,8.397,0.397,9983
1351,9322.44,6.896,8.397,0.397,9975
1352,9329.72,6.896,8.397,0.397,9978
1353,9336.33,6.896,8.397,0.397,9967
1354,9344.45,6.896,8.397,0.397,9964
1355,9354.39,6.896,8.397,0.397,9988
1356,9364.20,6.896,8.397,0.397,10000
1357,9368.03,6.896,8.397,0.397,10000
1358,9372.25,6.896,8.397,0.397,9973
1359,9378.08,6.896,8.397,0.397,9967
1360,9384.79,6.896,8.397,0.397,9970
1361,9392.16,6.896,8.397,0.397,9961
1362,9398.69,6.896,8.397,0.397,9961
1363,9405.53,6.896,8.397,0.397,9988
1364,9412.59,6.896,8.397,0.397,10000
1365,9419.19,6.896,8.397,0.397,9997
1366,9426.29,6.896,8.397,0.397,9971
1367,9433.26,6.896,8.397,0.397,9977
1368,9440.02,6.896,8.397,0.397,9967
1369,9447.18,6.896,8.397,0.397,9954
1370,9454.52,6.896,8.397,0.397,9956
1371,9461.18,6.896,8.397,0.397,9984
1372,9467.62,6.896,8.397,0.397,10000
1373,9474.57,6.896,8.397,0.397,9995
1374,9481.77,6.896,8.397,0.397,9974
1375,9488.35,6.896,8.397,0.397,9980
1376,9495.70,6.896,8.397,0.397,9970
1377,9502.11,6.896,8.397,0.397,9964
1378,9509.74,6.896,8.397,0.397,9966
1379,9515.88,6.896,8.397,0.397,9994
1380,9522.72,6.896,8.397,0.397,10000
1381,9529.92,6.896,8.397,0.397,9993
1382,9536.53,6.896,8.397,0.397,9987
1383,9543.78,6.896,8.397,0.397,9973
1384,9550.37,6.896,8.397,0.397,9961
1385,9557.65,6.896,8.397,0.397,9955
1386,9564.55,6.896,8.397,0.397,9967
1387,9571.17,6.896,8.397,0.397,9995
1388,9578.31,6.896,8.397,0.397,10000
1389,9584.87,6.896,8.397,0.397,9982
1390,9592.12,6.896,8.397,0.397,9977
1391,9598.71,6.896,8.397,0.397,9967
1392,9605.71,6.896,8.397,0.397,9952
1393,9612.64,6.896,8.397,0.397,9939
1394,9619.69,6.896,8.397,0.397,9955
1395,9626.63,6.896,8.397,0.397,9983
1396,9633.29,6.896,8.397,0.397,10000
1397,9640.02,6.896,8.397,0.397,9977
1398,9647.35,6.896,8.397,0.397,9976
1399,9653.96,6.896,8.397,0.397,9970
1400,9661.46,6.896,8.397,0.397,9955
1401,9667.64,6.896,8.397,0.397,9936
1402,9674.65,6.896,8.397,0.397,9963
1403,9681.71,6.896,8.397,0.397,9991
1404,9688.43,6.896,8.397,0.397,9998
1405,9695.55,6.896,8.397,0.397,9976
1406,9702.27,6.896,8.397,0.397,9979
1407,9709.27,6.896,8.397,0.397,9966
1408,9716.06,6.896,8.397,0.397,9958
1409,9722.92,6.896,8.397,0.397,9953
1410,9730.03,6.896,8.397,0.397,9981
1411,9736.77,6.896,8.397,0.397,10000
1412,9743.87,6.896,8.397,0.397,9991
1413,9750.45,6.896,8.397,0.397,9977
1414,9757.48,6.896,10.319,0.441,9978
1415,9764.89,6.896,10.319,0.441,9966
1416,9771.25,6.896,10.319,0.441,9956
1417,9778.34,6.896,10.319,0.441,9955
1418,9784.94,6.896,10.319,0.441,9982
1419,9792.31,6.896,10.319,0.441,10000
1420,9798.67,6.896,10.319,0.441,9986
1421,9805.67,6.896,10.319,0.441,9975
1422,9812.76,6.896,10.319,0.441,9973
1423,9819.43,6.896,10.319,0.441,9964
1424,9826.60,6.896,10.319,0.441,9946
1425,9833.40,6.896,10.319,0.441,9957
1426,9840.32,6.896,10.319,0.441,9984
1427,9847.34,6.896,10.319,0.441,10000
1428,9854.03,6.896,10.319,0.441,9983
1429,9861.16,6.896,10.319,0.441,9981
1430,9868.22,6.896,10.319,0.441,9968
1431,9874.79,6.896,10.319,0.441,9965
1432,9881.84,6.896,10.319,0.441,9942
1433,9888.52,6.896,10.319,0.441,9955
1434,9895.87,6.896,10.319,0.441,9982
1435,9902.27,6.896,10.319,0.441,10000
1436,9909.39,6.896,10.319,0.441,9975
1437,9916.20,6.896,10.319,0.441,9969
1438,9923.07,6.896,10.319,0.441,9960
1439,9930.21,6.896,10.319,0.441,9946
1440,9936.87,6.896,10.319,0.441,9935
1441,9943.93,6.896,10.319,0.441,9955
1442,9950.64,6.896,10.319,0.441,9982
1443,9957.46,6.896,10.319,0.441,10000
1444,9964.65,6.896,10.319,0.441,9972
1445,9971.71,6.896,10.319,0.441,9972
1446,9978.55,6.896,10.319,0.441,9973
1447,9985.06,6.896,10.319,0.441,9956
1448,9992.34,6.896,10.319,0.441,9938
1449,9998.93,6.896,10.319,0.441,9966
